<?xml version="1.0" encoding="UTF-8"?>
<results trackingurl="html/resources/TrackingConfig_b0064bd143b73f0570deb9c19392a71f.zip">
  <arel><![CDATA[html/index.html?ecbe4f39f3376e366f604794ea79ba37]]></arel>
  <object id="image6">
    <title><![CDATA[fruits60]]></title>
    <assets3d>
      <model><![CDATA[html/resources/773de37db1d00c84081c18932c328f9e/773de37db1d00c84081c18932c328f9e.zip]]></model>
      <transform>
        <translation>
          <x>0.0</x>
          <y>0.0</y>
          <z>5.1232485771</z>
        </translation>
        <rotation type="eulerdeg">
          <x>0.0</x>
          <y>0.0</y>
          <z>0.0</z>
        </rotation>
        <scale>
          <x>2.458293438</x>
          <y>2.458293438</y>
          <z>2.458293438</z>
        </scale>
      </transform>
      <properties>
        <coordinatesystemid>1</coordinatesystemid>
      </properties>
    </assets3d>
    <viewparameters>
      <visibility>
        <liveview>false</liveview>
      </visibility>
    </viewparameters>
  </object>
  <object id="image7">
    <title><![CDATA[grains80]]></title>
    <assets3d>
      <model><![CDATA[html/resources/0937af4b14be30ca3847ac6d125da747/0937af4b14be30ca3847ac6d125da747.zip]]></model>
      <transform>
        <translation>
          <x>0.0</x>
          <y>0.0</y>
          <z>5.1232485771</z>
        </translation>
        <rotation type="eulerdeg">
          <x>0.0</x>
          <y>0.0</y>
          <z>0.0</z>
        </rotation>
        <scale>
          <x>2.5587239265</x>
          <y>2.5587239265</y>
          <z>2.5587239265</z>
        </scale>
      </transform>
      <properties>
        <coordinatesystemid>2</coordinatesystemid>
      </properties>
    </assets3d>
    <viewparameters>
      <visibility>
        <liveview>false</liveview>
      </visibility>
    </viewparameters>
  </object>
</results>
